[{"model": "admin.logentry", "pk": 1, "fields": {"action_time": "2022-11-14T12:52:55.187Z", "user": 1, "content_type": 12, "object_id": "1", "object_repr": "brand-1", "action_flag": 1, "change_message": "[{\"added\": {}}]"}}, {"model": "admin.logentry", "pk": 2, "fields": {"action_time": "2022-11-14T12:53:11.226Z", "user": 1, "content_type": 12, "object_id": "2", "object_repr": "band-2", "action_flag": 1, "change_message": "[{\"added\": {}}]"}}, {"model": "admin.logentry", "pk": 3, "fields": {"action_time": "2022-11-14T12:53:27.198Z", "user": 1, "content_type": 12, "object_id": "3", "object_repr": "brand-3", "action_flag": 1, "change_message": "[{\"added\": {}}]"}}, {"model": "admin.logentry", "pk": 4, "fields": {"action_time": "2022-11-14T12:54:08.388Z", "user": 1, "content_type": 11, "object_id": "1", "object_repr": "cat-1", "action_flag": 1, "change_message": "[{\"added\": {}}]"}}, {"model": "admin.logentry", "pk": 5, "fields": {"action_time": "2022-11-14T12:54:26.074Z", "user": 1, "content_type": 11, "object_id": "2", "object_repr": "cat-2", "action_flag": 1, "change_message": "[{\"added\": {}}]"}}, {"model": "admin.logentry", "pk": 6, "fields": {"action_time": "2022-11-14T12:54:48.114Z", "user": 1, "content_type": 11, "object_id": "3", "object_repr": "cat-1-1", "action_flag": 1, "change_message": "[{\"added\": {}}]"}}, {"model": "admin.logentry", "pk": 7, "fields": {"action_time": "2022-11-14T12:55:11.013Z", "user": 1, "content_type": 11, "object_id": "4", "object_repr": "cat-1-2", "action_flag": 1, "change_message": "[{\"added\": {}}]"}}, {"model": "admin.logentry", "pk": 8, "fields": {"action_time": "2022-11-14T12:56:06.637Z", "user": 1, "content_type": 14, "object_id": "1", "object_repr": "color", "action_flag": 1, "change_message": "[{\"added\": {}}]"}}, {"model": "admin.logentry", "pk": 9, "fields": {"action_time": "2022-11-14T12:56:24.216Z", "user": 1, "content_type": 14, "object_id": "2", "object_repr": "size", "action_flag": 1, "change_message": "[{\"added\": {}}]"}}, {"model": "admin.logentry", "pk": 10, "fields": {"action_time": "2022-11-14T12:57:39.239Z", "user": 1, "content_type": 15, "object_id": "1", "object_repr": "color (red)", "action_flag": 1, "change_message": "[{\"added\": {}}]"}}, {"model": "admin.logentry", "pk": 11, "fields": {"action_time": "2022-11-14T12:58:24.797Z", "user": 1, "content_type": 15, "object_id": "2", "object_repr": "color (green)", "action_flag": 1, "change_message": "[{\"added\": {}}]"}}, {"model": "admin.logentry", "pk": 12, "fields": {"action_time": "2022-11-14T12:58:56.329Z", "user": 1, "content_type": 15, "object_id": "3", "object_repr": "color (blue)", "action_flag": 1, "change_message": "[{\"added\": {}}]"}}, {"model": "admin.logentry", "pk": 13, "fields": {"action_time": "2022-11-14T12:59:36.254Z", "user": 1, "content_type": 15, "object_id": "4", "object_repr": "size (1)", "action_flag": 1, "change_message": "[{\"added\": {}}]"}}, {"model": "admin.logentry", "pk": 14, "fields": {"action_time": "2022-11-14T12:59:49.711Z", "user": 1, "content_type": 15, "object_id": "5", "object_repr": "size (2)", "action_flag": 1, "change_message": "[{\"added\": {}}]"}}, {"model": "admin.logentry", "pk": 15, "fields": {"action_time": "2022-11-14T12:59:59.289Z", "user": 1, "content_type": 15, "object_id": "6", "object_repr": "size (3)", "action_flag": 1, "change_message": "[{\"added\": {}}]"}}, {"model": "admin.logentry", "pk": 16, "fields": {"action_time": "2022-11-14T13:00:09.918Z", "user": 1, "content_type": 15, "object_id": "7", "object_repr": "size (4)", "action_flag": 1, "change_message": "[{\"added\": {}}]"}}, {"model": "admin.logentry", "pk": 17, "fields": {"action_time": "2022-11-14T13:00:43.395Z", "user": 1, "content_type": 16, "object_id": "1", "object_repr": "type-1", "action_flag": 1, "change_message": "[{\"added\": {}}, {\"added\": {\"name\": \"product type attribute\", \"object\": \"ProductTypeAttribute object (1)\"}}, {\"added\": {\"name\": \"product type attribute\", \"object\": \"ProductTypeAttribute object (2)\"}}]"}}, {"model": "admin.logentry", "pk": 18, "fields": {"action_time": "2022-11-14T13:01:15.075Z", "user": 1, "content_type": 16, "object_id": "2", "object_repr": "type-2", "action_flag": 1, "change_message": "[{\"added\": {}}, {\"added\": {\"name\": \"product type attribute\", \"object\": \"ProductTypeAttribute object (3)\"}}, {\"added\": {\"name\": \"product type attribute\", \"object\": \"ProductTypeAttribute object (4)\"}}]"}}, {"model": "admin.logentry", "pk": 19, "fields": {"action_time": "2022-11-14T13:02:19.305Z", "user": 1, "content_type": 19, "object_id": "1", "object_repr": "prod-1", "action_flag": 1, "change_message": "[{\"added\": {}}]"}}, {"model": "admin.logentry", "pk": 20, "fields": {"action_time": "2022-11-14T13:02:42.811Z", "user": 1, "content_type": 19, "object_id": "2", "object_repr": "prod-2", "action_flag": 1, "change_message": "[{\"added\": {}}]"}}, {"model": "admin.logentry", "pk": 21, "fields": {"action_time": "2022-11-14T13:03:00.365Z", "user": 1, "content_type": 19, "object_id": "3", "object_repr": "prod-3", "action_flag": 1, "change_message": "[{\"added\": {}}]"}}, {"model": "admin.logentry", "pk": 22, "fields": {"action_time": "2022-11-14T13:03:17.499Z", "user": 1, "content_type": 19, "object_id": "4", "object_repr": "prod-4", "action_flag": 1, "change_message": "[{\"added\": {}}]"}}, {"model": "admin.logentry", "pk": 23, "fields": {"action_time": "2022-11-14T13:03:38.679Z", "user": 1, "content_type": 19, "object_id": "5", "object_repr": "prod-5", "action_flag": 1, "change_message": "[{\"added\": {}}]"}}, {"model": "admin.logentry", "pk": 24, "fields": {"action_time": "2022-11-14T13:08:05.466Z", "user": 1, "content_type": 21, "object_id": "1", "object_repr": "Product object (1)", "action_flag": 1, "change_message": "[{\"added\": {}}, {\"added\": {\"name\": \"product attribute values\", \"object\": \"ProductAttributeValues object (1)\"}}, {\"added\": {\"name\": \"product attribute values\", \"object\": \"ProductAttributeValues object (2)\"}}, {\"added\": {\"name\": \"Product image\", \"object\": \"Media object (1)\"}}]"}}, {"model": "admin.logentry", "pk": 25, "fields": {"action_time": "2022-11-14T13:14:11.499Z", "user": 1, "content_type": 21, "object_id": "2", "object_repr": "Product object (2)", "action_flag": 1, "change_message": "[{\"added\": {}}, {\"added\": {\"name\": \"product attribute values\", \"object\": \"ProductAttributeValues object (3)\"}}, {\"added\": {\"name\": \"product attribute values\", \"object\": \"ProductAttributeValues object (4)\"}}, {\"added\": {\"name\": \"Product image\", \"object\": \"Media object (2)\"}}]"}}, {"model": "admin.logentry", "pk": 26, "fields": {"action_time": "2022-11-14T13:14:41.699Z", "user": 1, "content_type": 21, "object_id": "1", "object_repr": "Product object (1)", "action_flag": 2, "change_message": "[{\"changed\": {\"fields\": [\"Product URL\"]}}]"}}, {"model": "admin.logentry", "pk": 27, "fields": {"action_time": "2022-11-14T13:16:18.495Z", "user": 1, "content_type": 21, "object_id": "3", "object_repr": "Product object (3)", "action_flag": 1, "change_message": "[{\"added\": {}}, {\"added\": {\"name\": \"product attribute values\", \"object\": \"ProductAttributeValues object (5)\"}}, {\"added\": {\"name\": \"product attribute values\", \"object\": \"ProductAttributeValues object (6)\"}}, {\"added\": {\"name\": \"Product image\", \"object\": \"Media object (3)\"}}]"}}, {"model": "admin.logentry", "pk": 28, "fields": {"action_time": "2022-11-14T13:17:20.701Z", "user": 1, "content_type": 21, "object_id": "4", "object_repr": "Product object (4)", "action_flag": 1, "change_message": "[{\"added\": {}}, {\"added\": {\"name\": \"product attribute values\", \"object\": \"ProductAttributeValues object (7)\"}}, {\"added\": {\"name\": \"product attribute values\", \"object\": \"ProductAttributeValues object (8)\"}}, {\"added\": {\"name\": \"Product image\", \"object\": \"Media object (4)\"}}]"}}, {"model": "admin.logentry", "pk": 29, "fields": {"action_time": "2022-11-14T13:18:06.523Z", "user": 1, "content_type": 21, "object_id": "5", "object_repr": "Product object (5)", "action_flag": 1, "change_message": "[{\"added\": {}}, {\"added\": {\"name\": \"product attribute values\", \"object\": \"ProductAttributeValues object (9)\"}}, {\"added\": {\"name\": \"product attribute values\", \"object\": \"ProductAttributeValues object (10)\"}}, {\"added\": {\"name\": \"Product image\", \"object\": \"Media object (5)\"}}]"}}, {"model": "admin.logentry", "pk": 30, "fields": {"action_time": "2022-11-14T13:35:20.562Z", "user": 1, "content_type": 15, "object_id": "2", "object_repr": "color (green)", "action_flag": 2, "change_message": "[{\"changed\": {\"fields\": [\"Trs\"]}}]"}}, {"model": "admin.logentry", "pk": 31, "fields": {"action_time": "2022-11-14T13:35:37.387Z", "user": 1, "content_type": 15, "object_id": "3", "object_repr": "color (blue)", "action_flag": 2, "change_message": "[{\"changed\": {\"fields\": [\"Trs\"]}}]"}}, {"model": "admin.logentry", "pk": 32, "fields": {"action_time": "2022-11-14T13:35:49.157Z", "user": 1, "content_type": 15, "object_id": "1", "object_repr": "color (red)", "action_flag": 2, "change_message": "[{\"changed\": {\"fields\": [\"Trs\"]}}]"}}, {"model": "admin.logentry", "pk": 33, "fields": {"action_time": "2022-11-14T13:42:15.592Z", "user": 1, "content_type": 16, "object_id": "1", "object_repr": "type-1", "action_flag": 2, "change_message": "[{\"changed\": {\"name\": \"product type attribute\", \"object\": \"ProductTypeAttribute object (1)\", \"fields\": [\"Prod attribute\"]}}, {\"deleted\": {\"name\": \"product type attribute\", \"object\": \"ProductTypeAttribute object (None)\"}}]"}}, {"model": "admin.logentry", "pk": 34, "fields": {"action_time": "2022-11-14T13:42:27.218Z", "user": 1, "content_type": 16, "object_id": "1", "object_repr": "type-1", "action_flag": 2, "change_message": "[{\"added\": {\"name\": \"product type attribute\", \"object\": \"ProductTypeAttribute object (5)\"}}]"}}, {"model": "admin.logentry", "pk": 35, "fields": {"action_time": "2022-11-14T13:44:14.800Z", "user": 1, "content_type": 15, "object_id": "7", "object_repr": "size (4)", "action_flag": 2, "change_message": "[{\"changed\": {\"fields\": [\"Trs\"]}}]"}}, {"model": "admin.logentry", "pk": 36, "fields": {"action_time": "2022-11-14T13:44:20.721Z", "user": 1, "content_type": 15, "object_id": "6", "object_repr": "size (3)", "action_flag": 2, "change_message": "[{\"changed\": {\"fields\": [\"Trs\"]}}]"}}, {"model": "admin.logentry", "pk": 37, "fields": {"action_time": "2022-11-14T13:44:26.737Z", "user": 1, "content_type": 15, "object_id": "5", "object_repr": "size (2)", "action_flag": 2, "change_message": "[{\"changed\": {\"fields\": [\"Trs\"]}}]"}}, {"model": "admin.logentry", "pk": 38, "fields": {"action_time": "2022-11-14T13:44:32.773Z", "user": 1, "content_type": 15, "object_id": "4", "object_repr": "size (1)", "action_flag": 2, "change_message": "[{\"changed\": {\"fields\": [\"Trs\"]}}]"}}, {"model": "admin.logentry", "pk": 39, "fields": {"action_time": "2022-11-14T13:44:50.940Z", "user": 1, "content_type": 15, "object_id": "1", "object_repr": "color (red)", "action_flag": 2, "change_message": "[]"}}, {"model": "admin.logentry", "pk": 40, "fields": {"action_time": "2022-11-14T14:17:24.833Z", "user": 1, "content_type": 21, "object_id": "1", "object_repr": "Product object (1)", "action_flag": 2, "change_message": "[{\"changed\": {\"fields\": [\"Thumb\"]}}]"}}, {"model": "admin.logentry", "pk": 41, "fields": {"action_time": "2022-11-14T14:17:33.373Z", "user": 1, "content_type": 21, "object_id": "2", "object_repr": "Product object (2)", "action_flag": 2, "change_message": "[{\"changed\": {\"fields\": [\"Thumb\"]}}]"}}, {"model": "admin.logentry", "pk": 42, "fields": {"action_time": "2022-11-14T14:17:50.263Z", "user": 1, "content_type": 21, "object_id": "4", "object_repr": "Product object (4)", "action_flag": 2, "change_message": "[{\"changed\": {\"fields\": [\"Thumb\"]}}]"}}, {"model": "admin.logentry", "pk": 43, "fields": {"action_time": "2022-11-14T14:26:47.111Z", "user": 1, "content_type": 19, "object_id": "6", "object_repr": "prod-6", "action_flag": 1, "change_message": "[{\"added\": {}}]"}}, {"model": "admin.logentry", "pk": 44, "fields": {"action_time": "2022-11-14T14:27:47.559Z", "user": 1, "content_type": 21, "object_id": "6", "object_repr": "Product object (6)", "action_flag": 1, "change_message": "[{\"added\": {}}, {\"added\": {\"name\": \"product attribute values\", \"object\": \"ProductAttributeValues object (11)\"}}, {\"added\": {\"name\": \"product attribute values\", \"object\": \"ProductAttributeValues object (12)\"}}, {\"added\": {\"name\": \"Product image\", \"object\": \"Media object (6)\"}}]"}}, {"model": "sessions.session", "pk": "1wkajj8z5gih63pebg3yl0n59xw8q80w", "fields": {"session_data": ".eJxVjsGuwiAQRf9l1tpYSkvr0v37ghdDBhgErWCAxhjjv7_ydONyzjm5mSdoTAX2z9cG7j472P8eN6Dj9YaJ3ke8FR9DXhsojq4rhdmfXIHahUKhyBkfcSn_IhdZKfpAaZviHdZhiUtxcsmUpDdr1cIXU6gvFKowZwyn2NSB5FVTk-Zjc_MTDc2HT_s14LA-DnbQgvrdyERrUTNjuWCi78TE-DAaZUZtdppxM2k1qEl0bWdE21siO4w9Rw6vP5iGWoE:1ow5Ml:d_uLl9S8VRKV2gera4iwWB6gvAVMPJjA6CGOMmIGziI", "expire_date": "2022-12-02T17:41:27.359Z"}}, {"model": "sessions.session", "pk": "aowgdru7apxzrbw0n74kzl96mv5r5yv4", "fields": {"session_data": "eyJjYXJ0Ijp7fSwid2lzaCI6W10sImNvbXBhcmUiOltdfQ:1ow58m:9-gINbDcJiA0IB7BxWSHPbqe0RmDMe4YSOmcxy-JSRY", "expire_date": "2022-12-02T17:27:00.877Z"}}, {"model": "sessions.session", "pk": "jmb2php4h7zuhlpzlkm35a4l3pzo71gn", "fields": {"session_data": "eyJjYXJ0Ijp7fSwid2lzaCI6W10sImNvbXBhcmUiOltdLCJvcHRpb25zIjp7InRoZW1lIjoibGlnaHQifX0:1p2Yvz:uwO5ic62_ANXl0iktt6YbcDaSiQeTuITyEaVnTW2L1g", "expire_date": "2022-12-20T14:28:35.349Z"}}, {"model": "account.account", "pk": 1, "fields": {"password": "pbkdf2_sha256$390000$f21EOxPmtzPeZqa5WNN1nC$SkzFlAzoDEddigDKCGCl/e0dZ8uwFuDwYzT3ietwzZY=", "last_login": "2022-11-14T14:26:01.872Z", "is_superuser": true, "username": "admin", "first_name": "", "last_name": "", "email": "admin@mail.com", "is_staff": true, "is_active": true, "date_joined": "2022-11-14T12:26:19.707Z", "is_blocked": false, "is_shown": true, "deleted_at": null, "created_at": "2022-11-14T12:26:19.707Z", "updated_at": null, "fnds": null, "wish": ["5"], "comparison": [], "groups": [], "user_permissions": []}}, {"model": "fnd.fnd", "pk": "fnd-one", "fields": {"is_blocked": false, "is_shown": true, "deleted_at": null, "created_at": "2022-11-14T12:26:27.412Z", "updated_at": null, "name": null, "logo": "", "main_layout": "layouts/upper.html", "content_layout": "list_container-row", "theme": "light", "langs": null}}, {"model": "fnd.category", "pk": 1, "fields": {"is_blocked": false, "is_shown": true, "deleted_at": null, "created_at": "2022-11-14T12:54:08.353Z", "updated_at": null, "slug": "cat-1", "name": {"title": "Cat-1"}, "thumb": "", "parent": null, "created_by": 1, "updated_by": null, "fnd": "fnd-one", "lft": 1, "rght": 6, "tree_id": 1, "level": 0}}, {"model": "fnd.category", "pk": 2, "fields": {"is_blocked": false, "is_shown": true, "deleted_at": null, "created_at": "2022-11-14T12:54:26.057Z", "updated_at": null, "slug": "cat-2", "name": {"title": "Cat-2"}, "thumb": "", "parent": null, "created_by": 1, "updated_by": null, "fnd": "fnd-one", "lft": 1, "rght": 2, "tree_id": 2, "level": 0}}, {"model": "fnd.category", "pk": 3, "fields": {"is_blocked": false, "is_shown": true, "deleted_at": null, "created_at": "2022-11-14T12:54:48.089Z", "updated_at": null, "slug": "cat-1-1", "name": {"title": "Cat-1-1"}, "thumb": "", "parent": 1, "created_by": 1, "updated_by": null, "fnd": "fnd-one", "lft": 2, "rght": 3, "tree_id": 1, "level": 1}}, {"model": "fnd.category", "pk": 4, "fields": {"is_blocked": false, "is_shown": true, "deleted_at": null, "created_at": "2022-11-14T12:55:10.997Z", "updated_at": null, "slug": "cat-1-2", "name": {"title": "Cat-1-2"}, "thumb": "", "parent": 1, "created_by": 1, "updated_by": null, "fnd": "fnd-one", "lft": 4, "rght": 5, "tree_id": 1, "level": 1}}, {"model": "fnd.brand", "pk": 1, "fields": {"is_blocked": false, "is_shown": true, "deleted_at": null, "created_at": "2022-11-14T12:52:55.160Z", "updated_at": null, "slug": "brand-one", "name": {"title": "Brand-One"}, "site": null, "logo": "", "created_by": 1, "updated_by": null, "fnd": "fnd-one"}}, {"model": "fnd.brand", "pk": 2, "fields": {"is_blocked": false, "is_shown": true, "deleted_at": null, "created_at": "2022-11-14T12:53:11.216Z", "updated_at": null, "slug": "band-two", "name": {"title": "Brand-Two"}, "site": null, "logo": "", "created_by": 1, "updated_by": null, "fnd": "fnd-one"}}, {"model": "fnd.brand", "pk": 3, "fields": {"is_blocked": false, "is_shown": true, "deleted_at": null, "created_at": "2022-11-14T12:53:27.188Z", "updated_at": null, "slug": "brand-three", "name": {"title": "Brand-Three"}, "site": null, "logo": "", "created_by": 1, "updated_by": null, "fnd": "fnd-one"}}, {"model": "fnd.productattribute", "pk": 1, "fields": {"is_blocked": false, "is_shown": true, "slug": "color", "name": {"title": "Color"}, "fnd": "fnd-one"}}, {"model": "fnd.productattribute", "pk": 2, "fields": {"is_blocked": false, "is_shown": true, "slug": "size", "name": {"title": "Size"}, "fnd": "fnd-one"}}, {"model": "fnd.productattributevalue", "pk": 1, "fields": {"is_blocked": false, "is_shown": true, "product_attribute": 1, "value": "red", "trs": {"en": "Red", "ru": "Красный"}}}, {"model": "fnd.productattributevalue", "pk": 2, "fields": {"is_blocked": false, "is_shown": true, "product_attribute": 1, "value": "green", "trs": {"en": "Green", "ru": "Зеленый"}}}, {"model": "fnd.productattributevalue", "pk": 3, "fields": {"is_blocked": false, "is_shown": true, "product_attribute": 1, "value": "blue", "trs": {"en": "Blue", "ru": "Синий"}}}, {"model": "fnd.productattributevalue", "pk": 4, "fields": {"is_blocked": false, "is_shown": true, "product_attribute": 2, "value": "1", "trs": null}}, {"model": "fnd.productattributevalue", "pk": 5, "fields": {"is_blocked": false, "is_shown": true, "product_attribute": 2, "value": "2", "trs": null}}, {"model": "fnd.productattributevalue", "pk": 6, "fields": {"is_blocked": false, "is_shown": true, "product_attribute": 2, "value": "3", "trs": null}}, {"model": "fnd.productattributevalue", "pk": 7, "fields": {"is_blocked": false, "is_shown": true, "product_attribute": 2, "value": "4", "trs": null}}, {"model": "fnd.producttype", "pk": 1, "fields": {"is_blocked": false, "is_shown": true, "slug": "type-one", "name": {"title": "TypeOne"}, "category": 1, "in_menu": false, "fnd": "fnd-one"}}, {"model": "fnd.producttype", "pk": 2, "fields": {"is_blocked": false, "is_shown": true, "slug": "type-two", "name": {"title": "Type-Two"}, "category": 1, "in_menu": false, "fnd": "fnd-one"}}, {"model": "fnd.producttypeattribute", "pk": 1, "fields": {"is_blocked": false, "is_shown": true, "prod_attribute": 2, "prod_type": 1}}, {"model": "fnd.producttypeattribute", "pk": 3, "fields": {"is_blocked": false, "is_shown": true, "prod_attribute": 1, "prod_type": 2}}, {"model": "fnd.producttypeattribute", "pk": 4, "fields": {"is_blocked": false, "is_shown": true, "prod_attribute": 2, "prod_type": 2}}, {"model": "fnd.producttypeattribute", "pk": 5, "fields": {"is_blocked": false, "is_shown": true, "prod_attribute": 1, "prod_type": 1}}, {"model": "fnd.productattributevalues", "pk": 1, "fields": {"is_blocked": false, "is_shown": true, "attribute_values": 1, "product": 1}}, {"model": "fnd.productattributevalues", "pk": 2, "fields": {"is_blocked": false, "is_shown": true, "attribute_values": 4, "product": 1}}, {"model": "fnd.productattributevalues", "pk": 3, "fields": {"is_blocked": false, "is_shown": true, "attribute_values": 2, "product": 2}}, {"model": "fnd.productattributevalues", "pk": 4, "fields": {"is_blocked": false, "is_shown": true, "attribute_values": 5, "product": 2}}, {"model": "fnd.productattributevalues", "pk": 5, "fields": {"is_blocked": false, "is_shown": true, "attribute_values": 1, "product": 3}}, {"model": "fnd.productattributevalues", "pk": 6, "fields": {"is_blocked": false, "is_shown": true, "attribute_values": 7, "product": 3}}, {"model": "fnd.productattributevalues", "pk": 7, "fields": {"is_blocked": false, "is_shown": true, "attribute_values": 3, "product": 4}}, {"model": "fnd.productattributevalues", "pk": 8, "fields": {"is_blocked": false, "is_shown": true, "attribute_values": 5, "product": 4}}, {"model": "fnd.productattributevalues", "pk": 9, "fields": {"is_blocked": false, "is_shown": true, "attribute_values": 4, "product": 5}}, {"model": "fnd.productattributevalues", "pk": 10, "fields": {"is_blocked": false, "is_shown": true, "attribute_values": 2, "product": 5}}, {"model": "fnd.productattributevalues", "pk": 11, "fields": {"is_blocked": false, "is_shown": true, "attribute_values": 2, "product": 6}}, {"model": "fnd.productattributevalues", "pk": 12, "fields": {"is_blocked": false, "is_shown": true, "attribute_values": 4, "product": 6}}, {"model": "fnd.productbase", "pk": 1, "fields": {"is_blocked": false, "is_shown": true, "deleted_at": null, "created_at": "2022-11-14T13:02:19.282Z", "updated_at": null, "slug": "prod-one", "name": {"title": "Prod-One"}, "short_desc": null, "category": 1, "created_by": 1, "updated_by": null, "fnd": "fnd-one"}}, {"model": "fnd.productbase", "pk": 2, "fields": {"is_blocked": false, "is_shown": true, "deleted_at": null, "created_at": "2022-11-14T13:02:42.795Z", "updated_at": null, "slug": "prod-two", "name": {"title": "Prod-Two"}, "short_desc": null, "category": 1, "created_by": 1, "updated_by": null, "fnd": "fnd-one"}}, {"model": "fnd.productbase", "pk": 3, "fields": {"is_blocked": false, "is_shown": true, "deleted_at": null, "created_at": "2022-11-14T13:03:00.347Z", "updated_at": null, "slug": "prod-three", "name": {"title": "Prod-Three"}, "short_desc": null, "category": 1, "created_by": 1, "updated_by": null, "fnd": "fnd-one"}}, {"model": "fnd.productbase", "pk": 4, "fields": {"is_blocked": false, "is_shown": true, "deleted_at": null, "created_at": "2022-11-14T13:03:17.482Z", "updated_at": null, "slug": "prod-four", "name": {"title": "Prod-Four"}, "short_desc": null, "category": 1, "created_by": 1, "updated_by": null, "fnd": "fnd-one"}}, {"model": "fnd.productbase", "pk": 5, "fields": {"is_blocked": false, "is_shown": true, "deleted_at": null, "created_at": "2022-11-14T13:03:38.649Z", "updated_at": null, "slug": "prod-five", "name": {"title": "Prod-Five"}, "short_desc": null, "category": 3, "created_by": 1, "updated_by": null, "fnd": "fnd-one"}}, {"model": "fnd.productbase", "pk": 6, "fields": {"is_blocked": false, "is_shown": true, "deleted_at": null, "created_at": "2022-11-14T14:26:47.093Z", "updated_at": null, "slug": "prod-six", "name": {"title": "Prod-Six"}, "short_desc": null, "category": 2, "created_by": 1, "updated_by": null, "fnd": "fnd-one"}}, {"model": "fnd.product", "pk": 1, "fields": {"is_blocked": false, "is_shown": true, "deleted_at": null, "created_at": "2022-11-14T13:08:04.822Z", "updated_at": null, "slug": "product-1", "sku": "123321", "thumb": "", "ext_name": {"ru": "Красный", "en": "Red"}, "full_name": "Prod-One@Красный@Red", "prod_base": 1, "brand": 1, "product_type": 1, "is_default": true, "price": "120.00", "sale_price": null, "is_digital": false, "created_by": 1, "updated_by": null, "fnd": "fnd-one"}}, {"model": "fnd.product", "pk": 2, "fields": {"is_blocked": false, "is_shown": true, "deleted_at": null, "created_at": "2022-11-14T13:14:11.418Z", "updated_at": null, "slug": "product-2", "sku": "234432", "thumb": "", "ext_name": null, "full_name": "Prod-Two", "prod_base": 2, "brand": 1, "product_type": 1, "is_default": true, "price": "222.00", "sale_price": null, "is_digital": false, "created_by": 1, "updated_by": null, "fnd": "fnd-one"}}, {"model": "fnd.product", "pk": 3, "fields": {"is_blocked": false, "is_shown": true, "deleted_at": null, "created_at": "2022-11-14T13:16:18.362Z", "updated_at": null, "slug": "product-3", "sku": "345443", "thumb": "", "ext_name": {}, "full_name": "Prod-Three", "prod_base": 3, "brand": 2, "product_type": 2, "is_default": true, "price": "333.00", "sale_price": null, "is_digital": false, "created_by": 1, "updated_by": null, "fnd": "fnd-one"}}, {"model": "fnd.product", "pk": 4, "fields": {"is_blocked": false, "is_shown": true, "deleted_at": null, "created_at": "2022-11-14T13:17:20.658Z", "updated_at": null, "slug": "product-4", "sku": "456654", "thumb": "", "ext_name": {}, "full_name": "Prod-Four", "prod_base": 4, "brand": 2, "product_type": 2, "is_default": true, "price": "444.00", "sale_price": null, "is_digital": false, "created_by": 1, "updated_by": null, "fnd": "fnd-one"}}, {"model": "fnd.product", "pk": 5, "fields": {"is_blocked": false, "is_shown": true, "deleted_at": null, "created_at": "2022-11-14T13:18:06.482Z", "updated_at": null, "slug": "product-5", "sku": "567765", "thumb": "", "ext_name": {}, "full_name": "Prod-Five", "prod_base": 5, "brand": 3, "product_type": 1, "is_default": true, "price": "555.00", "sale_price": null, "is_digital": false, "created_by": 1, "updated_by": null, "fnd": "fnd-one"}}, {"model": "fnd.product", "pk": 6, "fields": {"is_blocked": false, "is_shown": true, "deleted_at": null, "created_at": "2022-11-14T14:27:47.503Z", "updated_at": null, "slug": "product-6", "sku": "565656", "thumb": "", "ext_name": {}, "full_name": "Prod-Six", "prod_base": 6, "brand": 3, "product_type": 2, "is_default": true, "price": "565.00", "sale_price": null, "is_digital": false, "created_by": 1, "updated_by": null, "fnd": "fnd-one"}}, {"model": "fnd.media", "pk": 1, "fields": {"is_blocked": false, "is_shown": true, "product": 1, "img": "fnd/fnd-one/prod/prod-1-1/media/Снимок_экрана_2022-11-14_в_15.07.20.png", "alt_text": null, "is_feature": false, "fnd": "fnd-one"}}, {"model": "fnd.media", "pk": 2, "fields": {"is_blocked": false, "is_shown": true, "product": 2, "img": "fnd/fnd-one/prod/product-2/media/Снимок_экрана_2022-11-14_в_15.07.20.png", "alt_text": null, "is_feature": false, "fnd": "fnd-one"}}, {"model": "fnd.media", "pk": 3, "fields": {"is_blocked": false, "is_shown": true, "product": 3, "img": "fnd/fnd-one/prod/product-3/media/Снимок_экрана_2022-11-14_в_15.07.20.png", "alt_text": null, "is_feature": false, "fnd": "fnd-one"}}, {"model": "fnd.media", "pk": 4, "fields": {"is_blocked": false, "is_shown": true, "product": 4, "img": "fnd/fnd-one/prod/product-4/media/Снимок_экрана_2022-11-14_в_15.07.20.png", "alt_text": null, "is_feature": false, "fnd": "fnd-one"}}, {"model": "fnd.media", "pk": 5, "fields": {"is_blocked": false, "is_shown": true, "product": 5, "img": "fnd/fnd-one/prod/product-5/media/Снимок_экрана_2022-11-14_в_15.07.20.png", "alt_text": null, "is_feature": false, "fnd": "fnd-one"}}, {"model": "fnd.media", "pk": 6, "fields": {"is_blocked": false, "is_shown": true, "product": 6, "img": "fnd/fnd-one/prod/product-6/media/Снимок_экрана_2022-11-14_в_15.07.20.png", "alt_text": null, "is_feature": false, "fnd": "fnd-one"}}]